,hd,proper,ra,dec,dist,rv,mag,absmag,spect,ci,con,lum,exp,modexp,tgtfn,adjra_hms,adjdec_dms,adjra_deg,adjra_hour,adjdec_deg
81058,149404,,16.606268,-42.858861,416.6667,-36.0,5.46,-2.639,O9Ia,0.338,Sco,989.92,42,74.39943501537284,HD149404_TypO9_Mag5.46,"hms_tuple(h=16.0, m=36.0, s=47.89258182214638)","dms_tuple(d=-42.0, m=-53.0, s=-23.621569848095874)",249.199552,16.613303,-42.889895
81129,149757,,16.619316,-10.56709,112.2334,-15.0,2.54,-2.711,O9.5V,0.038,Oph,1057.791,4,5.658394966392331,HD149757_TypO9_Mag2.54,"hms_tuple(h=16.0, m=37.0, s=28.41637081822654)","dms_tuple(d=-10.0, m=-35.0, s=-53.385294273101636)",249.368402,16.62456,-10.598163
81869,151003,,16.776165,-41.610699,100000.0,-19.0,7.07,-12.93,O9II,0.179,Sco,12941958.414,143,307.9529390460096,HD151003_TypO9_Mag7.07,"hms_tuple(h=16.0, m=46.0, s=59.02522201060748)","dms_tuple(d=-41.0, m=-38.0, s=-30.24584184172852)",251.745938,16.783063,-41.641735
82114,151515,,16.83007,-42.001716,100000.0,-9.0,7.16,-12.84,O7II...,0.123,Sco,11912420.08,153,333.40358783117154,HD151515_TypO7_Mag7.16,"hms_tuple(h=16.0, m=50.0, s=13.235401826761972)","dms_tuple(d=-42.0, m=-1.0, s=-57.904732721376604)",252.555148,16.83701,-42.032751
82126,151564,,16.833734,-41.621246,558.6592,-39.6,7.99,-0.746,O9.5IV,0.063,Sco,173.141,288,693.4370594020932,HD151564_TypO9_Mag7.99,"hms_tuple(h=16.0, m=50.0, s=26.277687312472153)","dms_tuple(d=-41.0, m=-39.0, s=-8.214979925978696)",252.60949,16.840633,-41.652282
82241,151804,,16.859367,-41.230534,100000.0,-65.0,5.23,-14.77,O9e,0.047,Sco,70469306.897,35,60.73498993870038,HD151804_TypO9_Mag5.23,"hms_tuple(h=16.0, m=51.0, s=58.40732843712516)","dms_tuple(d=-41.0, m=-15.0, s=-41.65406016408042)",252.993364,16.866224,-41.261571
82432,152246,,16.901472,-41.079475,100000.0,13.0,7.32,-12.68,O9:III:,0.135,Sco,10280162.981,173,383.9534407239423,HD152246_TypO9_Mag7.32,"hms_tuple(h=16.0, m=54.0, s=29.928444958190994)","dms_tuple(d=-41.0, m=-6.0, s=-37.84253445271531)",253.624702,16.908313,-41.110512
82438,152248,,16.902795,-41.82504,416.6667,-44.0,6.07,-2.029,O7e,0.126,Sco,564.417,66,127.44051305929695,HD152248_TypO7_Mag6.07,"hms_tuple(h=16.0, m=54.0, s=34.97626724732527)","dms_tuple(d=-41.0, m=-51.0, s=-21.87217956347581)",253.645734,16.909716,-41.856076
82514,152405,,16.915381,-40.52483,100000.0,-7.0,7.2,-12.8,O9.5Ib,0.087,Sco,11481536.215,158,345.3801253121633,HD152405_TypO9_Mag7.2,"hms_tuple(h=16.0, m=55.0, s=19.79566153796526)","dms_tuple(d=-40.0, m=-33.0, s=-21.123710463309635)",253.832482,16.922165,-40.555868
82522,152408,,16.916251,-41.150858,694.4444,-140.0,5.78,-3.428,O8Iab+...,0.132,Sco,2047.387,53,98.67024964581141,HD152408_TypO8_Mag5.78,"hms_tuple(h=16.0, m=55.0, s=23.159671209263877)","dms_tuple(d=-41.0, m=-10.0, s=-54.820921809908896)",253.846499,16.9231,-41.181895
82530,152424,,16.917592,-42.090831,714.2857,-47.6,6.3,-2.969,O9Ia,0.396,Sco,1341.529,79,156.1126819853037,HD152424_TypO9_Mag6.3,"hms_tuple(h=16.0, m=55.0, s=28.349709362225894)","dms_tuple(d=-42.0, m=-7.0, s=-18.71820248647282)",253.868124,16.924542,-42.121866
82622,152623,,16.937508,-40.659941,100000.0,-7.0,6.7,-13.3,O7,0.045,Sco,18197008.586,108,222.1820255290352,HD152623_TypO7_Mag6.7,"hms_tuple(h=16.0, m=56.0, s=39.50231743171116)","dms_tuple(d=-40.0, m=-41.0, s=-27.522541670696796)",254.164593,16.944306,-40.690978
82680,152723,,16.948519,-40.512341,395.2569,-5.0,7.1,-0.884,O7,,Sco,196.607,146,316.2129549015887,HD152723_TypO7_Mag7.1,"hms_tuple(h=16.0, m=57.0, s=19.08790701762399)","dms_tuple(d=-40.0, m=-32.0, s=-36.163381369961485)",254.329533,16.955302,-40.543379
83242,153919,,17.06577,-37.844143,100000.0,-75.0,6.48,-13.52,O5f,0.263,Sco,22284351.493,91,182.98269364662428,HD153919_TypO5_Mag6.48,"hms_tuple(h=17.0, m=4.0, s=20.2808671545219)","dms_tuple(d=-37.0, m=-52.0, s=-30.66515723414966)",256.084504,17.0723,-37.875185
83448,154368,,17.10788,-35.451046,625.0,2.0,6.15,-2.829,O9.5Iab,0.438,Sco,1179.234,71,136.76080818184963,HD154368_TypO9_Mag6.15,"hms_tuple(h=17.0, m=6.0, s=51.15664527859508)","dms_tuple(d=-35.0, m=-28.0, s=-55.52815805041405)",256.713153,17.11421,-35.482091
83715,154811,,17.164746,-47.031439,427.3504,-24.5,6.9,-1.254,O9.5Ib,0.327,Ara,276.439,125,265.0600588895962,HD154811_TypO9_Mag6.9,"hms_tuple(h=17.0, m=10.0, s=20.326809774705623)","dms_tuple(d=-47.0, m=-3.0, s=-44.87498888696109)",257.584695,17.172313,-47.062465
84142,155806,,17.255346,-33.54842,100000.0,4.0,5.6,-14.4,O9,-0.056,Sco,50118723.363,46,84.18106104676042,HD155806_TypO9_Mag5.6,"hms_tuple(h=17.0, m=15.0, s=41.51938529025472)","dms_tuple(d=-33.0, m=-34.0, s=-46.08374964380232)",258.922997,17.261533,-33.579468
85071,157857,,17.438148,-10.992996,438.5965,58.0,7.78,-0.43,O7e,0.096,Ser,129.42,245,576.1557641428401,HD157857_TypO7_Mag7.78,"hms_tuple(h=17.0, m=26.0, s=36.23838844533594)","dms_tuple(d=-11.0, m=-1.0, s=-26.64544724034684)",261.650993,17.4434,-11.024068
85748,159176,,17.57847,-32.581662,100000.0,-4.0,5.69,-14.31,O5/6(e),0.045,Sco,46131757.456,50,91.1381715250705,HD159176_TypO5_Mag5.69,"hms_tuple(h=17.0, m=35.0, s=4.522156643820097)","dms_tuple(d=-32.0, m=-36.0, s=-45.75946522286017)",263.768842,17.584589,-32.612711
86961,161807,,17.823542,-38.983782,100000.0,-26.0,7.01,-12.99,O9.5V:n...,-0.077,Sco,13677288.256,136,292.07456782282145,HD161807_TypO9_Mag7.01,"hms_tuple(h=17.0, m=49.0, s=48.63424871947103)","dms_tuple(d=-39.0, m=-0.0, s=-53.35946656816475)",267.452643,17.830176,-39.014822
87434,162978,,17.915012,-24.887095,100000.0,-11.0,6.18,-13.82,O7/O8,0.001,Sgr,29376496.52,72,140.42905193202526,HD162978_TypO7_Mag6.18,"hms_tuple(h=17.0, m=55.0, s=14.50467012597727)","dms_tuple(d=-24.0, m=-55.0, s=-5.351183496729561)",268.810436,17.920696,-24.918153
87538,163181,,17.9378,-32.474997,100000.0,-42.0,6.59,-13.41,O9.5Ia/ab,0.422,Sco,20137242.499,99,201.63200517568157,HD163181_TypO9_Mag6.59,"hms_tuple(h=17.0, m=56.0, s=38.083984526815016)","dms_tuple(d=-32.0, m=-30.0, s=-21.765957426950422)",269.158683,17.943912,-32.506046
87767,163800,,17.982571,-22.517549,100000.0,4.3,7.0,-13.0,O7/O8,0.232,Sgr,13803842.646,135,289.50893673230235,HD163800_TypO7_Mag7.0,"hms_tuple(h=17.0, m=59.0, s=17.34832076434344)","dms_tuple(d=-22.0, m=-32.0, s=-54.994854390351406)",269.822285,17.988152,-22.54861
119622,152249,,16.90327777,-41.85027778,100000.0,-24.0,6.45,-13.55,O9Ib,,Sco,22908676.528,89,178.20287698386963,HD152249_TypO9_Mag6.45,"hms_tuple(h=16.0, m=54.0, s=36.724077037752636)","dms_tuple(d=-41.0, m=-52.0, s=-52.728038379071336)",253.653017,16.910201,-41.881313
